id,title,description,status,fullname
1,Медицина бігати збільшуватися.,Заробити тривога рідкий кут вибирати. Дівка житель червонй виражений тривога надати рота.,Виконується,Оніщук Леонід Микитович
3,Космос свіжий гіркий.,Радити зелений багряний потягнутися ніч. Навіщо аналіз здалеку художній гараж й керівник покинути.,Виконується,Златослава Заруба
8,Бак кпсс.,"Сміятися яскраво академік. Подробиця мета багаття сумний. Образа тисяча господиня природа поява.
Незвичайний число розгубитися бажання більше зелений триста. Ґазда шкільний художній вітрина.",Нове,Орися Ткаченко
9,Затягнутися провінція набір.,Житель шкарпетка угодний. Купа навряд здригнутися квапливий. Крутий порада трубка факультет.,Нове,пан Юхим Макогон
10,Домогтися господь.,"Настати незвичний міркування нога. Тьмяний навіщо друкувати.
Інвалід підлога мільярд редактор. Означати збільшуватися потім палиця прем'єра підлога бок.",Нове,Пилип Аронець
14,Близько коробка.,Ланцюжок міф ставити здалеку пристрій. Функція інфекція соціалістичний вчора крутий кора мить дорогий. Вітати степ олівець конструкція.,Виконується,Василь Гресь
16,Інфекція.,Розвинений мить ремінь. Вечір близько перетнути коричневий зміна тютюн.,Виконується,Анжела Вертипорох
18,Низький відділ ручка.,Діставати коваль очко пробувати незручно. Ламати щур монета комунізм.,Нове,Нестор Ярош
19,Байдужий соціалістичний.,Квапливий вчора відзначити звільнення задерти поїзд командування. Комунізм блискучий похорон здригатися функція аж заклад. Степ раніше хлопець протягувати червень функція.,Виконується,Орися Ткаченко
20,Угодний задерти холодно шкільний.,"Спосіб перебивати низький рішення паща встати.
Пристрій інтернет голубчик труп нині коваль направо. Упор висловлюватися ставити ленінград. Спорт звільнення підземний чітко черевик тисяча провал.",Виконується,Данько Орина Орестівна
21,Робочий недолік холодно.,Інфекція пастух гіркий єврейський палиця порода коричневий. Знищення забирати гуляти темніти виражений потрясти основа.,Виконується,Євген Стельмах
22,Летіти команда.,"Розуміти рот порада труп знімати раніше кидати. Пропаганда падаль упустити. Радість мигнути виблискувати бок.
Незручно салон пити здригатися нога зміна болото. Плавно метелик диявол байдужий суглоб.",Нове,Марія Притула
24,Кишеня досліджено аж.,Аж скинути робочий сонце аж крутий. Художній поїзд метелик витримати відповісти сміливий. Міф жорстокий єврейський інструкція домогтися синок хлопець безглуздий.,Нове,Зорян Ватаманюк
25,Висіти гуляти зарплата.,Написати угодний гроші через природа бригада. Й інфекція серйозний важкий олівець соціалістичний вскакивать. Недолік падати дружно наступати місце черевик мить розкішний.,Нове,Марко Ґерета
27,Набір редактор темніти.,Блін ніч й заклад здригнутися казна-хто. Число падаль хід монета природа. Метелик обуритися труп зрозумілий метелик.,Виконується,Геннадій Скопенко
29,Хліб ланцюжок натиснути.,"Неправда затримати дихання пити. Вітати століття вибирати закласти.
Незручно самостійно мить лягати прихований струмок.",Нове,Валерій Колесниченко
30,Провал пірʼя подвірʼя простір.,Світило задерти наполегливо актриса рис. Насолода вибирати радити пірʼя поява чотири термін метелик. Штаб близько грати. Черевик ліхтарик занадто природа ягода гроші.,Виконується,добродійка Оксана Їжакевич
31,Хліб безглуздий.,"Співати покидати здалеку термін процес співати бак.
Банк здригатися блискучий лапа картинка. Похмуро ленінград ліхтарик ягода нині незручно число.",Виконується,Едита Забара
33,Прошепотіти наполегливо взагалі відділ.,Єврейський нарада інший надати відповідність при пропаганда гроші. Солома несподівано червонй здалеку навряд вчений болісно. ПірʼЯ упор факультет простір природний бак космос.,Нове,Едита Забара
34,Лівий виникнення.,Діставати кордон темніти природа коричневий прошепотіти кут. Ґаздиня вечір різноманітний набір. Висіти адвокат кпсс космос монета валюта рот.,Виконується,Олена Овчаренко
36,Порт решітка.,А забирати прірва господь зрідка грати. Сумний друкувати даль мимо червʼяк правий присвятити.,Виконується,Євген Стельмах
37,Олівець картинка.,Метал матерія роса. Ленінград палець головний легко висіти плід пірʼя. Вітрина спорт бетонний художній помовчати медицина інший прелесть.,Нове,пан Юхим Макогон
39,Яскраво світило услати.,Помовчати падати серйозний зарплата метал здалеку. Від'Їзд провал написати жити наступати шолом хід.,Виконується,Оксана Засядько
40,Вибирати конференція польовий.,МʼЯта знаходити дихання кпсс інвалід зрозумілий задерти. Супроводжуватися штаб досліджено. Промовчати нині хлопець п'ятеро почуття.,Нове,Богданна Гаврилишин
41,Темніти груди здригатися розстебнути.,Вираз мить мета прем'єра відділ розуміти викинути очко. Товар демократія так поставити здалеку коричневий ручка.,Нове,Златослава Заруба
43,Занадто полум'я.,"Темніти керівник секунда суглоб.
Термін господиня метелик незвичний повністю жити. Прихований кордон ліворуч інший гіркий розкішний близько.",Виконується,Вікторія Акуленко
44,Командування адвокат лягати командир.,Байдужий дихання склянка заява триста. Підлога пісенька засунути даль потягнутися. Перебивати витягувати пити за вітрина лівий чотири.,Нове,Палій Оксенія Володимирівна
45,Очко бетонний.,Крутий салон лапа дівка доба. Фахівець приятель заробити близько.,Виконується,Орина Ґжицька
47,Мільярд занадто лапа.,Склянка мільярд наступати господиня. Мимо розстебнути ліхтарик кільце пробувати угодний інвалід.,Виконується,Артем Терещенко
48,Ленінград команда простір.,"Білизна що-небудь дрібниця черговий дорогий пристрасть.
Що метелик зупинити розстебнути ламати. Степ наступати камінчик падаль пристрій триста багряний заклик.",Нове,Артем Терещенко
38,Трубка хлопець гіркий незручно.,,Нове,Віталій Верхола
51,Поява.,"Можливо встати валюта спалити. Мільярд вчений гроші банк.
Бажання палата чотири присвятити. Взагалі спорт гіркий міра.",Нове,Зорян Ватаманюк
55,При житель.,"Керівник образа ставити від'їзд. Сміття конструкція кпсс шкіра неправда несподіваний.
Зрідка повністю століття даль новий квапливий. Військовий вчений товар мільярд скинути. Й постійний видимо.",Виконується,Марія Притула
56,Військовий.,"Несподівано адвокат народ розуміти. Спалити подробиця число знаходити рішення деякий сумнівний.
Термін порівняння плід порівняння темніти монета дорогий академік.",Нове,пан Ілля Гайдабура
57,Зрідка.,Редактор іспит природний знімати соціалістичний поріг приятель світило. Порт рішення світило хата олівець безглуздий епоха. Командир танцювати черговий.,Виконується,Геннадій Скопенко
58,Прошепотіти задерти співати.,Труп їжа свіжий затримати що-небудь зелений. Очко єврейський князь квапливий. Уникати банк хата.,Нове,Нестор Ярош
60,Монета мотоцикл художній квапливий.,Занадто безглуздий наполегливо. Заклад навіщо недолік сміливий очко. Салон покинути синок хлопчисько запустити залучати неправда.,Виконується,Ярослав Данько
61,Деякий жорстокий ставити.,Рідкий падаль близько яблуко ґаздиня раніше. Демократія шкіра інфекція.,Виконується,Максим Євтушок
62,Термін помовчати.,Житель правий присісти. Комунізм написати реклама прощення вечір приходити.,Виконується,Гаврило Терещук
63,Ручка торгівля увійти.,Промовчати конструкція покоління заспівати аж тута матерія. Міркування хід художній збільшуватися темніти сходити. Знімати хліб точно.,Нове,Святослава Єременко
65,Болісно порт.,Нервово п'ятеро академік відповісти залучати. Мить багаття житель кільце. Розводити диявол другий приятель витримати пристрасть скинути.,Нове,пан Данило Колесниченко
67,Вибирати м'який розстебнути.,"Кишеня виражений палата м'який розуміти друкувати. Кордон пірʼя щур головний лівий. Від'Їзд даль підземний червень серйозний зміна.
Хлопець результат зарплата нині. Радити дівка бажання.",Нове,Тарас Байда
69,Занадто зупинити.,Дівка подробиця порада хата. Летіти надати плід художній мʼята диявол дружно. Затримати армійський груди дрібниця кидати зате здригатися.,Виконується,Прохір Масляк
70,Вигнати сміття.,"Реклама ленінград фахівець хід болісно так. Болото незручно скинути штаб медицина світило. Ґаздиня слати серйозний ніж колишній бетонний.
Польовий занадто кпсс образа. Народ конструкція інвалід.",Виконується,пан Валентин Андрусенко
93,Кордон бігати кпсс хліб.,Черговий вигнати решітка інтернет мигнути уникати яскраво. Тута метал світило метал діловий.,Виконується,Валерій Колесниченко
72,Взагалі головка.,Інший конференція яскраво командувач паща порада. Хліб плавно оборот передо радість функція. При єврейський небезпека. Лапа бак червʼяк натиснути близько.,Виконується,Дарина Пустовіт
73,Потім пробувати поїзд.,"Присвятити ланцюжок мить заклик плід пірʼя хліб дрібниця. Упустити встати житель лапа лягати метал поява.
Мигнути художній лягати хлопець академік. Зупинити паща їсти порада новий.",Виконується,Мілена Мамчур
74,Настати.,Командир сміятися заява ґазда. Коваль правильний будівництво подробиця так ніч.,Нове,Мілена Мамчур
76,Банда небезпека сміття.,Район теорія інструкція тьмяний безглуздий полюбити тривога. Польовий порівняння надати болісно уникати підземний.,Нове,Прохір Масляк
77,Інфекція мільярд.,"Поява наполегливо незвичайний єврейський ідея плід призначити єдиний.
Темніти перед слати зрідка вивести. Низький здригатися тута число. Склянка сумнівний яблуко що-небудь хата задерти кидати.",Виконується,Орися Ткаченко
79,Степ полюбити щастя.,Упустити комунізм командування бігати. Секунда зарплата бригада несподіваний зображати присісти ніч. Рішення тютюн прихований страта військовий.,Нове,Валерій Колесниченко
80,Співати білизна.,Оборот конференція точно монета дрібниця польовий. Міра роса прощення головка тривога.,Виконується,Валентин Давиденко
84,Танцювати простір перетнути виражений.,Від'Їзд о солома бочок незручно. Будівництво головка простір. Світило яблуко інтелектуальний червонй загроза сміятися господь. Ручка кордон груди вираз.,Нове,Орина Ґжицька
85,Інший боєць зображати.,Роса брову жорстокий струмок щось покидати. Наштовхнутися уникати метал лівий ліворуч місце різноманітний. Дружно салон багряний виражений бригада.,Виконується,Яків Бабʼюк
86,Триста.,Їсти олівець конструкція хід що-небудь летіти. Купа-Невеличка демократія більше зате єврейський вираз мигнути пристрасть. Направо вечір штаб.,Нове,Абраменко Яків Яковович
87,Збудження радість.,"Банда штаб кора результат небезпека монета наштовхнутися тисяча. Правління квапливий вивести.
Пропадати важкий інфекція. Кишеня танцювати палець світило тьмяний приходити степ.",Нове,Орися Ткаченко
88,Вітати взагалі народ.,"Дорогий пастух єврейський казна-хто бочок оборот монета будівництво.
Радість пісня їсти нарада неправда.",Виконується,Марко Ґерета
89,Ланцюжок передо.,"Пані покоління єврейський. Єдиний розгубитися камінчик салон настати. Вітрина розводити палата міркування плавно червень.
Художній помовчати товар. Угодний прошепотіти кут низький прохід.",Виконується,Оксана Засядько
90,Очко гуляти.,"Плід зображати збудження п'ятеро художній. Спосіб яблуко даль вітати.
Зелений черевик черговий відзначити легко яскраво. Ефект кидати неправда лапа безпорадний отже.",Нове,Оксана Гречко
78,Мета намір угодний.,,Нове,Віталій Верхола
83,Тисяча потягнутися.,,Нове,Віталій Верхола
94,Перетнути несподіваний.,Ліворуч повністю ідея присвятити рис армійський розлад. Інструкція синок сонце. Лапа бочок досліджено.,Нове,пан Ілля Гайдабура
95,Салон потім функція загроза.,Адвокат безглуздий летіти пропаганда яблуко бажання ланцюжок сумнівний. Різноманітний адвокат вибирати покидати постійний п'ятеро більше. Заклад триста полум'я палець ліворуч гіркий.,Нове,Альбіна Атрощенко
96,Монета інший торгівля.,Міра ґудзик направо прихований встати домогтися.,Виконується,Оксана Засядько
99,Головка безпорадний мигнути діставати.,Ніч диявол розстебнути прірва блін раніше поріг недолік. Юний відповідність труп знаходити очко груди розуміти. Аналіз мигнути розкішний коричневий.,Нове,Богуслав Зінчук
100,Прощення банк полум'я здригнутися.,Ліхтарик процес падати серйозний прихований здригнутися. Колектив танцювати навряд дальній байдужий ремінь черевик.,Нове,Оніщук Леонід Микитович
101,Ґудзик червонй.,Через інфекція а лапа юний зелений купа. Полум'Я перетнути правління. Спорт вітрина заробити мати в'язниця рідкий кора князь.,Нове,пан Ілля Гайдабура
102,Гараж пірʼя.,Дружно більше прихований червʼяк голубчик заклик передо збудження. Сумнівний щось байдужий палиця. Монета покидати пастух спорт мигнути витримати.,Виконується,добродійка Оксана Їжакевич
104,Дихання взагалі.,Запустити черговий розгубитися задерти. Звільнення оборот розводити їжа висіти міф.,Нове,Артем Зінченко
105,Валюта навряд пастух.,Безпорадний ліловий інший каюта натиснути. Брову падаль їжа метал оборот труп пробувати.,Виконується,Ілля Цушко
107,Темніти паща.,Насолода штаб пити дружно. Груди встати свіжий армійський каюта зима господиня.,Виконується,Ярина Габелко
109,Збільшуватися перед керівник.,Заробити промовчати палець порівняння народ зима. Район ґазда вітрина танцювати мати академік. Страта й адвокат.,Виконується,Геннадій Скопенко
110,Ставити олівець пісенька.,"Ремінь рот функція порода конструкція очко поріг. Медицина суглоб робочий упор черговий перебивати.
Порт збільшуватися благати. Друкувати решітка єдиний простір вчений самостійно прелесть.",Нове,Тимофій Назаренко
116,Несподівано взагалі.,Витримати салон прелесть чоловічок дрімати перебивати. Летіти гроші художній червень нога призначити наполегливо. Порівняння провінція академік будівництво крутий услати степ наступати.,Нове,Валентин Давиденко
117,Танцювати ленінград пробувати.,"Рис похорон вивчити байдужий спосіб. Князь навіщо кора здалеку покоління.
Простір друкувати інструкція кордон природа затягнутися домогтися. Гроші триста поставити болото.",Виконується,Кирило Приймак
115,Команда видимо райком.,,Виконується,Голобородько Віктор Євгенійович
118,Купа танцювати низький запустити.,Сміливий художній діловий брову район. Гараж метелик редактор намір розвернутися. Мета розстебнути товар сумний бок незвичний виблискувати.,Нове,пан Симон Євтушок
119,Товар несподіваний спорт.,Прихований ліловий тьмяний червень ніч. Трясти прихований здалеку народ. Картинка боєць написати чоловічок вперед зелений конструкція. Сумний сонце який єдиний чітко підземний покоління.,Виконується,Марко Черінько
121,Незвичний функція.,Доба дихання вскакивать конференція спалити покинути. Трубка прем'єра зарплата радість обуритися.,Нове,пан Валентин Андрусенко
122,Протягувати виблискувати набір.,Танцювати п'ятеро виражений палець. Заспівати падати термін єврейський інфекція князь. Чоловічок робочий протягувати кільце відповісти надати.,Виконується,Амвросій Гаврилишин
126,Запустити занадто.,Танцювати мить отже заробити несподівано. Рот жити гіркий видимо червонй.,Виконується,Артем Терещенко
128,Інфекція кидати закласти.,Каюта армійський народ степ зима. Упустити звільнення знищення ручка полюбити встати простір.,Виконується,Данько Орина Орестівна
129,Бок нарада.,Спалити очко уникати услати забирати художній зима. Правління заява аж ліворуч. Народ вигнати багаття здалеку епоха важливий натиснути мить.,Виконується,Амалія Вакуленко
130,Іспит летіти.,"Потрясти танцювати передо програміст. Єврейський неправда степ заспокоїтися угодний нині.
Рот порівняння юний крутий космос податковий звільнення. Підземний навряд вскакивать лягати при сміятися.",Виконується,Лариса Козак
131,Демократія.,Похмуро ґаздиня червонй виблискувати засунути. Звільнити подробиця банк застосовуватися виднітися обуритися. Заробити занадто що-небудь близько солома.,Виконується,пан Симон Євтушок
132,Отже ковзати.,"Сміливий знімати ремінь промовчати блискучий. Мільярд яскраво склянка неправда прірва образа пісенька.
Так соціалістичний процес затримати розводити. Тута зловити рис чотири приходити.",Нове,Святослава Єременко
133,Мимо гіркий.,Заклад серйозний триста місце зловити кора. Триста черговий рота гараж монета прелесть написати. Потім шкільний даль крутий легко забирати чітко.,Нове,Соломія Ільєнко
135,Настати програміст.,Монета порівняння синок несподіваний редактор. Нервово нарада господь.,Виконується,Валентин Ющенко
137,Конференція казна-хто інший.,"Важкий сходити черевик вказаний. Увійти правильний суглоб легко шкільний й інтернет.
Кут розгубитися медицина образа насолода зловити правильний. Повністю означати кидати повністю аналіз трясти.",Виконується,Мілена Мамчур
138,Ліловий камінчик.,Й відзначити серйозний народ. Степ аж й червонй каюта податковий метал. Сміливий квапливий збудження червʼяк.,Нове,Аврелій Базавлученко
139,Доба уникати висіти.,"Роса вчора самостійно засунути означати вскакивать. Багаття шкільний результат що-небудь сонце байдужий торгівля.
Термін похмуро дівка означати. Мати а головний ніч.",Виконується,Герман Затула
140,Отже щур й.,Плавно прірва адже. ПодвірʼЯ виднітися їсти безглуздий.,Нове,Варвара Литвин
125,Аж монета.,,Нове,Віталій Верхола
141,Пані інший.,"Услати дрібниця заспокоїтися розвернутися болісно вмирати наштовхнутися затягнутися. Суглоб що-небудь мимо.
Правління боєць інший казна-хто прелесть. Дружно художній спосіб щось навіщо.",Виконується,Пилип Таран
144,Головка образа надати.,Спорт знімати тютюн каюта будівництво один пастух. Закласти виражений один мигнути мета.,Нове,Пилип Таран
145,Мета отже фахівець.,Комунізм хід дружно палата м'який болісно. Болісно коробка черговий лапа правий.,Виконується,Валентина Габелко
148,Безглуздий прошепотіти перетнути.,"Мільярд триста співати наполегливо. Тютюн колишній здригнутися. Палець відзначити діставати висіти й століття.
Провал інвалід мета монета. Домогтися порада отже дорогий вовк благати.",Виконується,Альбіна Тарасенко
149,А команда.,"Командувач затягнутися інший незвичний розвернутися. Ленінград хотіти господь господь крутий.
Підземний груди слати заплакати встати присвятити. Колишній монета прощення бажання.",Нове,Палій Оксенія Володимирівна
152,Настати діставати мимо.,Чотири м'який навіщо триста радість покидати. Білизна о небезпека решітка недолік. Правильний розвинений радість що зловити.,Нове,Святослав Колісниченко
156,Виконувати палата.,"Жити означати сміятися безглуздий. Благати призначити пропаганда сміття редактор.
Порада картинка важкий кора зрідка новий будівництво. Співрозмовник світило загроза пані яскраво голубчик.",Виконується,Тарас Абраменко
158,Близько пристойний самостійно.,"Обуритися ґудзик розвернутися квапливий синок. Близько їсти монета ленінград.
Результат за холодно благати правління місце. Єдиний вираз тривога правий ідея.",Нове,Прохір Масляк
160,Плавно затягнутися.,"Нестерпний співати коваль аналіз закласти відділ спалити.
Здригатися монета метелик затягнутися місце дружно. Безглуздий єдиний гіркий бетонний вчора кора.",Нове,Євген Стельмах
185,Білизна інфекція.,Метал кпсс запустити основа диявол. Раніше застосовуватися приятель неправда академік неправда. Навряд увійти безглуздий плавно упустити труп кора.,Нове,Ярослав Данько
162,Настати образа народ.,Надати прошепотіти нога термін благати більше досліджено сонце. Юний функція житель гіркий білизна результат. Блін ковзати бажання розвинений поріг подробиця ставити.,Виконується,добродій Максим Чайка
165,Плід шкарпетка пробувати.,Яскраво наполегливо співрозмовник єдиний. Виднітися танцювати темніти упустити пастух виражений будівництво. Заклик щастя приятель командувач гідність діставати хід.,Нове,пан Валентин Андрусенко
166,Потягнутися штаб приятель.,Результат темніти правління матерія розвернутися природа. Виражений банк господь ягода ламати. В'Язниця від'їзд їсти застосовуватися кут подробиця.,Нове,Яків Бабʼюк
168,Процес радість вмирати.,Військовий конструкція вітрина плавно господь. Степ розвинений бочок байдужий дрімати кора танцювати. Покинути пісенька другий простір.,Нове,Данило Нестайко
169,Через сходити.,Нога здригнутися білизна. Купа-Невеличка важкий застосовуватися ґаздиня витримати залучати занадто різноманітний.,Виконується,Нестор Ярош
172,Неправда сміття провінція.,Домогтися господь домогтися болото блискучий. Вивести свіжий командувач вечір дрібниця.,Нове,Галина Черненко
173,Лапа мигнути хлопець.,Знаходити черевик несподівано нога. Наполегливо диявол епоха поставити пірʼя правий. Друкувати навряд єдиний пропаганда білизна заробити виникнення поява.,Нове,Анжела Вертипорох
174,Досліджено іспит хліб.,"Народ незручно ленінград виблискувати. Підземний тривога процес метал плід сміття.
Кпсс даль присвятити виднітися приятель радість. Поріг пити вираз насолода спалити гуляти.",Нове,Григорій Ґерета
177,Купа-Невеличка спорт.,"Дівка угодний степ доба командування брову. Боєць даль затягнутися єдиний казна-хто червʼяк.
Щось при художній що порода палата. Серйозний несподівано присісти заборонити кут кора.",Нове,Азар Франчук
178,Функція купа-невеличка.,Спорт вказаний ковзати навряд здалеку теорія заклад. Приходити радість гідність призначити важкий підземний пропаганда.,Виконується,Орися Сич
179,Інший бігати.,Приятель виблискувати роса надати інтелектуальний серйозний ремінь важливий. Реклама занадто приятель.,Виконується,Одарка Романець
180,Банк червень зміна.,Польовий закласти насолода палець вітрина насолода трясти. МʼЯта заява простір виконувати подвірʼя червонй. Тривога взагалі більше правління бак.,Нове,пан Валентин Андрусенко
182,Прем'Єра реклама.,Летіти відповідність матерія. Яблуко роса міф художній низький. Тисяча лапа ягода звільнити поставити кора природа.,Виконується,Євген Стельмах
183,Художній кільце.,Білизна ефект мигнути пити палата єдиний число. Сонце неправда ручка господиня суглоб тьмяний правильний багряний.,Нове,Тимофій Назаренко
187,Колектив сміття болото.,Почуття щось розуміти низький спорт команда. Дрімати знімати зарплата чоловічок виникнення. Картинка направо аж п'ятеро пастух.,Виконується,Богданна Гаврилишин
188,Податковий мимо.,Банк спасти супроводжуватися задерти хотіти. Засунути несподівано коробка шкарпетка іспит радити прірва. Голубчик запустити шкільний роса повністю.,Нове,Палій Оксенія Володимирівна
189,Решітка простір.,"Синок аналіз шкільний білизна рішення гіркий.
Аж поріг тривога настати хата банда диявол бригада. А каюта вчора засунути виблискувати домогтися ручка команда. Ніч висіти падаль очко нарада.",Нове,Азар Кальченко
190,Простір супроводжуватися.,Лапа хата єдиний дошлий рідкий. Білизна міф камінчик колишній заклад безпорадний розлад.,Виконується,Ярина Засенко
193,Близько рис друкувати.,Робочий набір оборот степ терапія трубка. Свіжий конструкція командувач реклама виконувати сонце. Черговий скинути нога самостійно матерія рот сумнівний.,Нове,Герман Затула
194,Хліб розводити.,Шкарпетка вчений приходити. Незвичний бажання єдиний головний.,Нове,Азар Франчук
195,Салон танцювати небезпека який.,"Так здригнутися міф зловити. Залучати демократія рота головка хліб.
Результат услати лапа. Мимо епоха вигнати безпорадний низький.",Нове,Лариса Козак
197,Червень хліб.,"Перед спорт занадто банк натиснути простір. Натиснути простір червʼяк виднітися.
Порівняння відзначити ручка монета бригада. Недолік століття скинути танцювати тютюн редактор решітка.",Нове,Прохір Масляк
198,Пристрій тисяча.,Редактор бочок блін щастя вчора важливий. Пропадати виникнення єврейський услати присвятити рис нервово. Століття міркування порода художній вітрина розгубитися безглуздий.,Нове,Марко Черінько
199,Занадто райком підкинути.,Вказаний тута вивчити олівець. Дошлий гіркий мотоцикл гіркий пропаганда плід розгубитися зміна. Черевик ламати підземний виблискувати розвинений присвятити.,Нове,Дараган Амвросій Охрімович
202,Пісенька новий.,Відповідність міркування гуляти й метал самостійно відзначити. Благати салон кидати. Холодно вмирати затримати легко.,Нове,пан Симон Євтушок
203,Болісно поставити блін.,Уникати вираз ефект поставити. Виконувати п'ятеро коричневий єдиний дихання. Угодний комунізм означати зима кора несподівано. Неправда услати близько занадто болото який господиня.,Виконується,Гордій Дубина
204,Гараж підземний.,"Керівник збільшуватися заспокоїтися незвичайний.
Рота рота покидати заплакати гроші.
Діставати похмуро щур.
Розуміти кільце байдужий дальній. Скинути розлад олівець несподіваний рот.",Нове,Святослава Єременко
205,Художній мільярд порт картинка.,Набір провінція поставити ручка. Від'Їзд задерти дальній. Раніше рішення досліджено факультет будівництво. Синок вітрина блін застосовуватися функція повністю упор.,Виконується,Марко Ґерета
206,Простір кишеня п'ятеро.,Лягати аналіз чоловічок падати ленінград плід зрідка правління. Взагалі ковзати академік рідкий приходити господь. Співати постійний правління вигнати тисяча.,Виконується,Сергій Юхименко
207,Нервово зображати.,Труп ремінь подвірʼя. Число точно пропаганда ґаздиня. Коричневий провінція співрозмовник бригада насолода відділ важливий кишеня.,Виконується,Амалія Вакуленко
208,Так означати упор мить.,Щось запустити заспівати написати вечір лівий. Близько рота інший що заробити кпсс.,Нове,Тимофій Назаренко
209,Болото господь полюбити.,"Заборонити приятель перетнути валюта робочий.
Висіти інтелектуальний синок самостійно дрібниця купа-невеличка настати. Небезпека їсти паща салон намір.",Виконується,Франц Скирда
210,Лягати.,"Спорт кпсс шолом. Космос диявол процес занадто природа раніше.
Несподіваний конструкція червонй єдиний пані. Прірва коробка знищення означати.",Нове,Наталія Ткач
211,Протягувати хотіти склянка.,Поріг господь мить. Гіркий робочий польовий гуляти розводити.,Нове,Лариса Козак
212,Недолік дружно угодний.,"Ґаздиня брову витримати вказаний сміття командир правий.
Порада присвятити серйозний висіти грати вчений. Пані армійський груди грати простір один.",Нове,Марко Черінько
213,Монета взагалі.,Адвокат відповісти нарада польовий здригатися. Помовчати досліджено більше.,Нове,Галина Черненко
214,Пані.,Підлога мати єдиний нога. Увійти правильний здригнутися господь. Заробити олівець о близько затримати раніше реклама. Степ міф плід встати.,Виконується,Валентин Ющенко
215,Палець розкішний торгівля.,Промовчати в'язниця хліб прошепотіти черговий коваль мільярд лівий. Художній поява дорогий народ. Вовк сміятися повністю розстебнути ленінград намір монета єдиний.,Нове,Богданна Гаврилишин
218,Діставати термін тютюн.,"ПодвірʼЯ прошепотіти радити. Затягнутися функція ґудзик терапія командир.
Застосовуватися хід мати космос. Засунути рота заспівати направо пастух монета князь друкувати.",Нове,Франц Скирда
219,Синок розкішний.,Прихований лівий функція підлога місце. ПодвірʼЯ перед здалеку а вивчити пропаганда заява. Ліхтарик інший кора чоловічок доба холодно.,Виконується,Орина Ґжицька
222,Звільнити витримати степ.,"Мимо намір різноманітний степ бочок. Конструкція виникнення аж приходити направо ліхтарик пристрасть.
Штаб розстебнути ленінград господиня хлопець банк картинка. Свіжий інфекція метал й.",Нове,пан Валентин Андрусенко
224,Чотири червень тьмяний похмуро.,"Сонце дорогий похорон несподіваний. Лапа байдужий казна-хто господь зловити адже.
Уникати холодно сумний м'який вмирати.
Провінція процес багаття мимо коричневий.",Виконується,Валентин Фоменко
225,Тютюн мета метелик.,"Відповідність інтернет здригнутися. Упустити образа а близько спорт інвалід вмирати надати.
Слати бочок світило пісня покоління. Їжа будівництво народ важкий нині написати.",Виконується,Ярослав Данько
226,Світило.,Інвалід незручно правління надати функція. Очко каюта ліворуч олівець ліловий тьмяний пастух застосовуватися. Господь п'ятеро шкільний труп пристрій закласти.,Нове,Вікторія Акуленко
227,Бак діставати вказаний раніше.,Казна-Хто район адвокат ремінь помовчати. Підлога пісня соціалістичний. Сміятися пити банда струмок здригатися зима.,Нове,Прокопович Віра Устимівна
228,Взагалі тьмяний важливий.,"Неправда виконувати заробити благати угодний другий. Спосіб холодно інтернет о єдиний.
Гіркий пісня число метал. Бетонний витримати м'який аналіз хліб за пробувати синок.",Нове,Ярина Засенко
229,Пісенька хотіти.,"Художній мотоцикл заспівати.
Подробиця падаль ліхтарик тьмяний палата вмирати поява мати. Господь скинути черговий червень мимо. Яблуко зелений підлога виражений встати.",Нове,Сергій Юхименко
230,Незручно ніч шолом.,Хліб й поїзд багаття плід благати угодний. Розвинений соціалістичний покоління бок їжа.,Нове,Оксана Гречко
231,Суглоб м'який.,Степ задерти темніти керівник здригатися задерти. Означати кут провал розвинений.,Виконується,Василь Гресь
232,Бігати співати покидати.,Пастух голубчик поява вивести. Увійти вскакивать дівка тьмяний інвалід дрібниця зарплата. Виражений розводити червʼяк інтелектуальний при пробувати.,Виконується,Азар Кальченко
233,Матерія вовк іспит.,"При купа-невеличка пісня заробити занадто зелений. Видимо незручно щось пірʼя.
Медицина багаття колишній упустити багаття нині.",Виконується,Тимофій Назаренко
234,Дальній чітко.,П'Ятеро командир рис бочок. Зловити запустити несподіваний. А іспит купа збільшуватися розвернутися решітка точно.,Нове,Дараган Амвросій Охрімович
235,Дрібниця залучати.,ПірʼЯ провінція заплакати червʼяк рота. Промовчати супроводжуватися актриса несподіваний.,Нове,Ілля Цушко
238,Термін кора.,Мигнути а каюта ідея розстебнути різноманітний. Брову раніше вивчити спалити витягувати.,Нове,Оксана Засядько
239,Видимо.,Ленінград інший функція падаль інвалід світило командувач. Рота оборот потрясти легко роса монета аж яблуко. Досліджено яблуко похмуро хата розвинений.,Нове,Стець Михайлина Васильівна
240,Темніти купа ліворуч.,Неправда збудження квапливий перед командування ліхтарик вітрина лапа. Збудження багаття шолом прем'єра.,Виконується,Гордій Дубина
241,Угодний інфекція голубчик.,"Епоха правий образа гараж розкішний. Міф теорія засунути розстебнути уникати гіркий народ тривога.
Полюбити незвичний головний бак спорт. Мотоцикл термін висіти.",Виконується,Богуслав Зінчук
242,Багряний збудження.,"Товар зарплата хлопчисько мить другий.
Польовий картинка інтелектуальний будівництво покинути. Так диявол нервово. Бігати нервово щастя порівняння.
Виконувати палата приходити близько.",Виконується,Валентин Давиденко
245,Виникнення сходити низький.,"Природний виблискувати метелик здалеку. Спорт крутий результат при. Трясти грати їжа товар при рідкий хотіти.
Теорія серйозний команда поява викинути збудження. Вибирати доба мотоцикл комунізм.",Виконується,Прокопович Віра Устимівна
246,Природний комунізм.,Штаб обуритися дальній гіркий розгубитися. Близько тисяча навряд спорт постійний видимо адвокат. Їсти викинути кидати другий приятель кидати інвалід.,Виконується,Одарка Романець
247,Черевик.,"Хлопець домогтися голубчик поява. Ідея штаб падати. Важкий прірва командувач ремінь купа.
Забирати паща кора сумнівний. Щастя заборонити досліджено метал ліловий небезпека банк.",Нове,Дарина Пустовіт
248,Комунізм хата спорт.,Відповідність знаходити мотоцикл в'язниця розгубитися. Розуміти валюта розкішний. Набір солома вперед адже насолода.,Нове,Орина Ґжицька
250,Перетнути казна-хто.,"Грати збільшуватися дорогий близько коричневий покидати хотіти. Гіркий при художній. Вовк мить секунда вітрина трясти кора.
Страта дівка гроші хлопчисько нервово падати. Ленінград підкинути хліб.",Нове,Артем Терещенко
251,Танцювати кут триста.,"Порода зате вчений. Факультет конференція падаль шолом боєць командир навіщо.
Несподіваний прощення пастух коваль правління близько князь. Ставити ленінград інфекція інструкція палата єврейський.",Нове,Зорян Ватаманюк
255,Космос провал.,Здалеку заклад в'язниця багаття застосовуватися полюбити заспокоїтися. Бак звільнити навіщо самостійно який пробувати демократія.,Нове,Гордій Дубина
256,Мигнути нарада а.,"Домогтися ґазда розвернутися знаходити.
Заклад неправда заборонити дихання спорт. Затягнутися виражений новий район мати.",Виконується,Гаврило Терещук
257,Рота простір діставати.,"Командувач художній монета іспит страта висіти недолік. Діловий розводити призначити нога прірва порт тьмяний.
Супроводжуватися увійти палець тута. Відділ хід легко загроза перебивати.",Нове,Богуслава Литвиненко
260,Лівий близько головка знищення.,Черевик здригатися розвернутися забирати рот заборонити мить. Поставити житель диявол приходити олівець ланцюжок.,Нове,Мілена Мамчур
263,Через ліловий.,Ґаздиня мить торгівля заспокоїтися засунути розлад. Підкинути камінчик сміливий.,Виконується,пан Ілля Гайдабура
265,Виконувати вперед щось головка.,"Затримати дошлий слати вовк залучати. Витягувати від'їзд рішення. Викинути вечір ягода потім загроза світило квапливий.
Прохід жити легко падати зловити.",Нове,Пантелеймон Данько
266,Мить затримати низький.,Матерія тривога гроші. Радість вітрина ягода штаб. Постійний затягнутися вказаний прелесть кишеня заклик вивчити. Термін вказаний командир дрімати гараж квапливий надати обуритися.,Виконується,Амвросій Гаврилишин
268,Образа потрясти.,"Інвалід кут блискучий хата танцювати відділ брову. Мить різноманітний гуляти купа-невеличка загроза.
Функція казна-хто дрімати мотоцикл здригнутися мить слати дружно. Адже скинути означати.",Виконується,Сергій Юхименко
269,Протягувати військовий.,Кордон мить підкинути секунда незвичний вигнати гіркий. Провінція ідея колектив доба важливий податковий командування палиця.,Виконується,Дараган Амвросій Охрімович
270,Підлога висловлюватися.,Бочок важкий здалеку зарплата збільшуватися вовк. Почуття настати степ голубчик їжа. Ленінград бак жорстокий. Спасти мотоцикл адже художній тривога військовий відділ інтелектуальний.,Виконується,Артем Зінченко
272,Зрозумілий приятель.,Спосіб полум'я вітрина уникати близько простір заборонити. Художній неправда застосовуватися сміливий затримати небезпека безглуздий. Командувач груди кишеня виднітися безпорадний кордон.,Нове,Мирон Притула
274,Робочий висіти пісня.,Решітка доба гараж робочий. Здригнутися діловий безпорадний грати пропадати гроші. Груди польовий пропаганда інтернет яблуко п'ятеро виконувати.,Виконується,Яків Бабʼюк
276,Зміна дихання.,"Знімати конструкція монета коробка. Диявол бочок дружно ґаздиня важливий.
М'Який їсти палець виднітися промовчати. Сумний відзначити вивести художній прем'єра житель порівняння.",Виконується,Мирон Притула
277,Редактор метелик.,ЧервʼЯк монета порода підземний. Призначити зрідка теорія летіти хід танцювати пісенька дружно. Заспокоїтися відповісти пані виконувати домогтися тютюн.,Нове,Олександр Дзиндра
259,Подробиця ланцюжок.,,Виконується,Віталій Верхола
280,Команда поставити вчений.,"Витягувати зате дальній ламати зміна дихання мета. Приятель падати інший хата пристрасть. Порт вигнати їсти.
Бочок правління видимо прем'єра. Вчора рішення хата камінчик.",Нове,Едита Забара
281,Коричневий лапа монета.,"Чітко зате вчора. Брову плід падати байдужий виднітися щось.
Прощення увійти відділ дальній вовк рішення зарплата. Незвичайний блін фахівець.",Нове,Азар Франчук
282,Прем'Єра виражений простір.,П'Ятеро дорогий бігати епоха. Міркування висіти промовчати зображати бригада командир услати. Даль прощення виконувати черговий демократія порода різноманітний.,Виконується,Григорій Ґерета
284,Демократія рот синок.,"Дрімати головка функція ніч яскраво розвинений так. Монета співати багаття обуритися.
Число розвернутися інтелектуальний заява викинути ґазда постійний. Бригада отже бажання черговий.",Нове,Абраменко Яків Яковович
285,Місце адвокат.,Похмуро ланцюжок команда. Черевик редактор червень спорт палата раніше. Космос ідея помовчати присісти зображати.,Нове,Оксана Засядько
286,Міркування порада полум'я.,Монета радість нестерпний збільшуватися медицина вітрина суглоб радити. Прохід о прірва заспокоїтися спорт черговий.,Нове,Сергій Юхименко
288,Програміст вказаний порівняння аналіз.,Труп єврейський слати число чітко. Неправда кордон закласти каюта заява правління тривога гроші. Висловлюватися призначити палиця гіркий тьмяний розгубитися насолода.,Виконується,Пантелеймон Данько
292,Конференція ліхтарик зловити.,"Валюта роса фахівець простір. Лягати пірʼя купа-невеличка виникнення нервово роса юний. Даль сумнівний витягувати.
Єврейський сонце палець природний бігати. Грати новий місце сходити трясти олівець.",Нове,Геннадій Скопенко
294,Уникати товар.,Незвичайний звільнення вивчити порт аналіз прем'єра висіти. Зелений природа яскраво розводити багаття здригнутися. Адже демократія похмуро космос здригнутися пробувати.,Нове,Марія Притула
295,Виднітися діловий бетонний командування.,Господь знімати незручно відділ головка чотири прошепотіти. Спалити білизна танцювати прихований решітка. Ліловий занадто палата неправда танцювати.,Нове,Лариса Козак
296,Юний розводити.,"Функція який блискучий ідея. Відповісти академік холодно.
Термін академік видимо їсти. Камінчик пропадати отже настати низький сумнівний. Пропаганда холодно адвокат провінція.",Нове,Альбіна Атрощенко
298,Здригнутися сонце яскраво єврейський.,Неправда салон міф єврейський відповідність неправда. Ягода покидати прохід пристрій вираз головка.,Нове,Валентин Давиденко
